,Total Schools,Total Students,Total Budget,Average Math Score,Average Reading Score,% Passing Math,% Passing Reading,% Overall Passing
0,15,"39,170","$24,649,428.00",78.98537145774827,81.87784018381414,74.9808526933878,85.80546336482001,65.17232575950983
