School Type,Average Math Score,Average Reading Score,% Passing Math,% Passing Reading,% Overall Passing
Charter,83.47385187384614,83.89642074222549,1428.25,1473.125,90.43224369343227
District,76.95673306832398,80.96663632734915,2563.4285714285716,3117.8571428571427,53.67220822778149
