School Size,Average Math Score,Average Reading Score,% Passing Math,% Passing Reading,% Overall Passing
Small (<1000),83.82159776422071,83.92984341754834,652.5,667.0,89.88385340844357
Medium (1000-2000),83.37468376981991,83.86443831725629,1595.6,1649.4,90.62153518649967
Large (2000-5000),77.746416511437,81.34449272598371,2510.875,3003.625,58.286003049067894
