Spending Ranges (Per Student),Average Math Score,Average Reading Score,% Passing Math,% Passing Reading,% Overall Passing
<$585,83.45539900855027,83.93381405396646,1491.75,1539.25,90.36945874402643
$585-630,81.8998257021498,83.15528577020937,1813.0,2028.5,81.41859632428398
$630-645,78.51885454725715,81.62447331528534,1999.0,2338.0,62.857655551944916
$645-680,76.99720981240274,81.0278425571344,2718.3333333333335,3329.0,53.5268548869691
